{"cameraMode":{"drawMode":0,"name":"Shaded","section":"Shading Mode"},"sceneLighting":true,"audioPlay":false,"sceneViewState":{"showFog":true,"showMaterialUpdate":false,"showSkybox":true,"showFlares":true,"showImageEffects":true,"showParticleSystems":true},"in2DMode":false,"pivot":{"x":11.28776741027832,"y":0.6296074986457825,"z":5.506471633911133},"rotation":{"x":-0.060183845460414889,"y":0.054471928626298907,"z":-0.003290619933977723,"w":-0.9967064261436462},"size":21.70383644104004,"orthographic":false}