{"cameraMode":{"drawMode":0,"name":"Shaded","section":"Shading Mode"},"sceneLighting":false,"audioPlay":false,"sceneViewState":{"showFog":true,"showMaterialUpdate":false,"showSkybox":false,"showFlares":true,"showImageEffects":true,"showParticleSystems":true},"in2DMode":false,"pivot":{"x":20.18878936767578,"y":-0.09454046934843064,"z":-2.153048515319824},"rotation":{"x":0.0030819950625300409,"y":-0.7681822180747986,"z":0.0036923461593687536,"w":0.6402224898338318},"size":6.754031658172607,"orthographic":false}