{"cameraMode":{"drawMode":0,"name":"Shaded","section":"Shading Mode"},"sceneLighting":true,"audioPlay":false,"sceneViewState":{"showFog":true,"showMaterialUpdate":false,"showSkybox":true,"showFlares":true,"showImageEffects":true,"showParticleSystems":true},"in2DMode":false,"pivot":{"x":9.049291610717774,"y":3.0878124237060549,"z":7.007350921630859},"rotation":{"x":0.04828907549381256,"y":-0.008993677794933319,"z":0.0004319949948694557,"w":0.998798131942749},"size":42.43659973144531,"orthographic":false}