{"cameraMode":{"drawMode":0,"name":"Shaded","section":"Shading Mode"},"sceneLighting":true,"audioPlay":false,"sceneViewState":{"showFog":true,"showMaterialUpdate":false,"showSkybox":true,"showFlares":true,"showImageEffects":true,"showParticleSystems":true},"in2DMode":false,"pivot":{"x":352.39654541015627,"y":233.3663330078125,"z":2.82720947265625},"rotation":{"x":-0.024305671453475953,"y":0.011094464920461178,"z":-0.00027398092788644135,"w":-0.9996611475944519},"size":636.0046997070313,"orthographic":false}